Agency,Website,Phone
Porta da Frente Christie's,https://www.portadafrente.com,351 214 826 830
Portugal Sotheby's International Realty (Lisboa),https://www.sothebysrealtypt.com,351 215 552 386
Engel & Völkers Lisbon,https://www.engelvoelkers.com/pt/en/shops/lisbon,351 210 200 490
RE/MAX Valor (Lisboa – Príncipe Real),https://remax.pt/en/agencia/remax-valor/12152,351 213 469 023
Goldcrest Portugal (Buyer's Agent),https://portugalbuyersagent.com,351 211 543 410
Portugal Homes,https://www.portugalhomes.com,351 211 920 143
Keller Williams Portugal (Lisbon office),https://www.kwportugal.pt,351 217 525 025
Portugal Property (Berkshire Hathaway HS),https://www.portugalproperty.com,351 217 525 824
Fine & Country Portugal,https://www.fineandcountry.pt,351 213 547 000
Barnes Portugal (Lisboa),https://www.barnes-portugal.com,351 213 555 475
Quintela + Penalva,https://www.quintelaepenalva.pt,
Díls Real Estate,https://dils.pt,351 213 896 270
Lisbon Estates,https://www.lisbonestates.com,351 218 247 390
